Open,High,Low,Close,Volume,Adj Close
50.27000045776367,50.68000030517578,49.2400016784668,49.66999816894531,1110500,46.26814651489258
50.130001068115234,51.150001525878906,50.029998779296875,50.880001068115234,1579500,47.39527893066406
50.31999969482422,50.459999084472656,48.91999816894531,48.95000076293945,1359800,45.59746170043945
49.66999816894531,50.880001068115234,49.45000076293945,50.689998626708984,1369500,47.218284606933594
50.79999923706055,51.099998474121094,50.34000015258789,50.459999084472656,1367300,47.004032135009766
50.25,50.27000045776367,48.95000076293945,50.15999984741211,1785000,46.72459030151367
50.58000183105469,51.560001373291016,50.5099983215332,51.529998779296875,1487300,48.00075149536133
51.7599983215332,52.290000915527344,51.38999938964844,52.150001525878906,1072000,48.57829284667969
51.34000015258789,52.75,51.130001068115234,52.630001068115234,1212200,49.02541732788086
52.619998931884766,53.2599983215332,52.02000045776367,52.31999969482422,1361100,48.73664855957031
52.52000045776367,53.04999923706055,51.81999969482422,52.06999969482422,1427800,48.50376892089844
51.79999923706055,52.11000061035156,51.08000183105469,51.099998474121094,1122400,47.60020446777344
51.029998779296875,51.849998474121094,50.33000183105469,51.81999969482422,1336100,48.270896911621094
51.75,52.38999938964844,51.459999084472656,52.2400016784668,983600,48.662132263183594
51.63999938964844,52.380001068115234,51.220001220703125,52.150001525878906,939600,48.57829284667969
51.630001068115234,52.61000061035156,51.31999969482422,52.540000915527344,1758000,48.94158172607422
53.0,53.66999816894531,52.72999954223633,53.630001068115234,1176600,49.95692443847656
53.63999938964844,55.130001068115234,53.40999984741211,55.06999969482422,1681300,51.29830551147461
54.7599983215332,55.119998931884766,54.11000061035156,54.459999084472656,2030200,50.730079650878906
54.599998474121094,55.029998779296875,54.220001220703125,54.58000183105469,7025500,50.84186553955078
54.25,55.68000030517578,53.900001525878906,55.59000015258789,1869100,51.78268814086914
56.13999938964844,57.209999084472656,56.029998779296875,56.630001068115234,1635200,52.75146484375
55.86000061035156,55.95000076293945,54.72999954223633,55.529998779296875,1524300,51.72679901123047
55.040000915527344,55.22999954223633,54.650001525878906,54.95000076293945,1380100,51.1865234375
54.66999816894531,55.060001373291016,53.9900016784668,54.66999816894531,975600,50.92570114135742
54.400001525878906,54.650001525878906,54.04999923706055,54.25,1365600,50.53446960449219
54.58000183105469,54.84000015258789,52.849998474121094,53.040000915527344,982500,49.40734100341797
52.93000030517578,53.45000076293945,52.720001220703125,53.25,936000,49.60295104980469
53.279998779296875,53.88999938964844,53.279998779296875,53.7599983215332,865500,50.078025817871094
53.52000045776367,53.900001525878906,52.79999923706055,53.189998626708984,817000,49.54706573486328
52.790000915527344,53.310001373291016,52.599998474121094,53.2599983215332,709500,49.612266540527344
52.5,53.43000030517578,52.18000030517578,53.15999984741211,952400,49.51911544799805
53.09000015258789,53.22999954223633,52.58000183105469,52.599998474121094,1816700,48.997474670410156
51.86000061035156,51.9900016784668,50.650001525878906,50.66999816894531,2641800,47.19965362548828
50.689998626708984,50.93000030517578,50.130001068115234,50.630001068115234,2302900,47.162391662597656
52.13999938964844,53.79999923706055,51.900001525878906,52.77000045776367,3003900,49.155826568603516
52.06999969482422,52.720001220703125,51.459999084472656,52.29999923706055,1688700,48.718017578125
52.97999954223633,53.2400016784668,52.369998931884766,52.56999969482422,1816500,48.96952819824219
52.5,53.16999816894531,52.439998626708984,52.75,1736500,49.13719940185547
52.43000030517578,52.81999969482422,52.16999816894531,52.58000183105469,1403700,48.978843688964844
52.279998779296875,52.90999984741211,51.970001220703125,52.790000915527344,1373300,49.17445755004883
53.33000183105469,54.779998779296875,53.150001525878906,54.630001068115234,1612300,50.88843536376953
54.7599983215332,55.22999954223633,54.599998474121094,54.880001068115234,1309400,51.121315002441406
54.849998474121094,54.939998626708984,53.599998474121094,53.650001525878906,1455200,49.97555923461914
53.720001220703125,54.150001525878906,53.41999816894531,53.84000015258789,776600,50.15254592895508
54.0,54.099998474121094,52.65999984741211,52.81999969482422,1003000,49.2024040222168
52.650001525878906,52.790000915527344,51.119998931884766,51.33000183105469,1225600,47.814449310302734
50.939998626708984,53.189998626708984,50.630001068115234,52.66999816894531,1684000,49.06267166137695
52.54999923706055,53.209999084472656,51.900001525878906,52.2599983215332,1778900,49.25967788696289
51.540000915527344,52.27000045776367,51.2400016784668,52.06999969482422,1290800,49.08058547973633
51.650001525878906,52.63999938964844,51.34000015258789,52.08000183105469,1348500,49.09000778198242
51.79999923706055,51.970001220703125,50.09000015258789,50.290000915527344,3799700,47.40277862548828
50.349998474121094,51.25,50.029998779296875,51.08000183105469,1195000,48.147422790527344
51.36000061035156,51.75,50.58000183105469,51.209999084472656,1253100,48.269962310791016
50.83000183105469,51.59000015258789,50.130001068115234,50.16999816894531,1256200,47.289669036865234
50.43000030517578,50.83000183105469,49.25,49.540000915527344,1020100,46.695838928222656
49.34000015258789,50.459999084472656,48.939998626708984,50.45000076293945,1138800,47.55359649658203
50.81999969482422,50.970001220703125,50.099998474121094,50.209999084472656,1273700,47.327369689941406
49.93000030517578,50.63999938964844,49.61000061035156,50.08000183105469,918200,47.20484161376953
50.65999984741211,50.97999954223633,50.4900016784668,50.970001220703125,761500,48.04374313354492
51.7599983215332,52.040000915527344,51.54999923706055,51.790000915527344,767700,48.8166618347168
52.0099983215332,52.959999084472656,52.0,52.90999984741211,1507100,49.87236404418945
52.7599983215332,53.47999954223633,52.380001068115234,53.0099983215332,1368200,49.96662139892578
53.0,53.099998474121094,52.310001373291016,52.59000015258789,1267200,49.57073211669922
52.400001525878906,52.880001068115234,51.54999923706055,51.58000183105469,1500400,48.61871337890625
51.5,52.290000915527344,51.09000015258789,52.290000915527344,1154200,49.28795623779297
52.0,52.38999938964844,51.619998931884766,52.369998931884766,746000,49.36335754394531
52.599998474121094,53.790000915527344,52.400001525878906,53.47999954223633,1516700,50.40964126586914
54.0,54.33000183105469,53.7400016784668,54.150001525878906,1519100,51.041175842285156
54.040000915527344,54.310001373291016,53.54999923706055,53.7599983215332,1493600,50.673561096191406
53.54999923706055,53.81999969482422,52.400001525878906,52.7599983215332,1059900,49.73097229003906
52.79999923706055,53.27000045776367,52.65999984741211,53.189998626708984,2232500,50.13628387451172
53.189998626708984,53.27000045776367,52.72999954223633,52.72999954223633,1562400,49.702693939208984
52.400001525878906,53.75,52.04999923706055,53.720001220703125,1043800,50.63585662841797
53.54999923706055,53.650001525878906,53.220001220703125,53.58000183105469,1044700,50.5038948059082
53.83000183105469,54.16999816894531,53.380001068115234,53.90999984741211,996900,50.81494903564453
54.18000030517578,54.41999816894531,53.7400016784668,54.36000061035156,895900,51.23911666870117
54.25,54.630001068115234,53.93000030517578,54.2599983215332,1484600,51.14485168457031
54.040000915527344,54.47999954223633,53.7400016784668,53.86000061035156,944700,50.767822265625
54.099998474121094,55.08000183105469,53.939998626708984,54.97999954223633,1062000,51.82352066040039
54.97999954223633,55.529998779296875,54.849998474121094,55.2400016784668,1050100,52.0685920715332
55.119998931884766,55.41999816894531,54.88999938964844,55.369998931884766,920000,52.191131591796875
55.16999816894531,55.20000076293945,54.0,54.68000030517578,1419500,51.54074478149414
55.0,55.849998474121094,54.58000183105469,55.16999816894531,1439000,52.00260543823242
55.4900016784668,56.25,54.939998626708984,55.63999938964844,1420400,52.44562530517578
56.040000915527344,56.529998779296875,55.72999954223633,56.38999938964844,873800,53.15256881713867
56.119998931884766,56.33000183105469,55.27000045776367,55.9900016784668,941100,52.775535583496094
55.849998474121094,55.95000076293945,55.5099983215332,55.779998779296875,1002800,52.57758712768555
56.150001525878906,56.40999984741211,55.349998474121094,55.83000183105469,1498600,52.62472915649414
55.36000061035156,55.91999816894531,55.02000045776367,55.220001220703125,878500,52.049739837646484
55.290000915527344,55.5099983215332,54.41999816894531,55.09000015258789,795000,51.92720413208008
55.220001220703125,55.86000061035156,55.130001068115234,55.65999984741211,809400,52.4644775390625
55.83000183105469,55.970001220703125,54.33000183105469,54.349998474121094,789100,51.22968673706055
54.65999984741211,55.40999984741211,54.31999969482422,55.27000045776367,805000,52.09687042236328
54.79999923706055,55.29999923706055,54.400001525878906,55.16999816894531,805400,52.00260543823242
55.43000030517578,55.849998474121094,54.810001373291016,55.36000061035156,851200,52.181705474853516
55.380001068115234,55.90999984741211,55.0099983215332,55.040000915527344,893100,51.88007736206055
54.7400016784668,54.91999816894531,54.349998474121094,54.709999084472656,1413000,51.56901931762695
54.61000061035156,54.61000061035156,53.40999984741211,53.45000076293945,1011700,50.3813591003418
53.720001220703125,54.08000183105469,53.15999984741211,53.709999084472656,1076400,50.626434326171875
53.93000030517578,53.970001220703125,53.540000915527344,53.58000183105469,1300600,50.5038948059082
53.75,53.869998931884766,53.369998931884766,53.400001525878906,1201900,50.334232330322266
53.47999954223633,53.66999816894531,52.81999969482422,53.41999816894531,8900000,50.35308074951172
53.47999954223633,53.47999954223633,52.84000015258789,53.150001525878906,1694700,50.09858703613281
53.66999816894531,55.310001373291016,53.40999984741211,55.22999954223633,1468400,52.05916976928711
55.0,55.88999938964844,54.9900016784668,55.52000045776367,885700,52.332515716552734
55.779998779296875,56.2400016784668,55.2400016784668,55.720001220703125,961000,52.52104187011719
55.83000183105469,56.47999954223633,55.459999084472656,56.36000061035156,946600,53.124290466308594
56.130001068115234,56.130001068115234,55.25,55.83000183105469,1060200,52.62472915649414
55.900001525878906,56.18000030517578,55.4900016784668,56.06999969482422,1403300,52.85093688964844
56.20000076293945,56.369998931884766,55.619998931884766,56.369998931884766,1974700,53.13371276855469
56.27000045776367,56.79999923706055,56.220001220703125,56.380001068115234,1167400,53.14314270019531
56.099998474121094,56.849998474121094,55.93000030517578,56.720001220703125,933600,54.05712127685547
56.16999816894531,57.209999084472656,55.9900016784668,57.15999984741211,1044700,54.47645950317383
57.209999084472656,57.529998779296875,56.599998474121094,56.7599983215332,2380800,54.09524154663086
56.58000183105469,56.66999816894531,55.2599983215332,55.45000076293945,1167200,52.84674072265625
55.08000183105469,55.630001068115234,54.790000915527344,55.54999923706055,866300,52.942047119140625
55.689998626708984,55.779998779296875,54.630001068115234,54.849998474121094,1022500,52.274906158447266
54.4900016784668,54.880001068115234,53.7400016784668,53.970001220703125,3362400,51.43622589111328
53.970001220703125,54.869998931884766,53.970001220703125,54.630001068115234,997700,52.06524658203125
54.91999816894531,55.95000076293945,54.619998931884766,55.7400016784668,1077200,53.12313461303711
55.59000015258789,55.59000015258789,54.90999984741211,55.470001220703125,1321800,52.865806579589844
55.18000030517578,56.22999954223633,55.02000045776367,56.15999984741211,1200600,53.523414611816406
56.7400016784668,57.13999938964844,56.029998779296875,56.81999969482422,2147700,54.15242385864258
56.459999084472656,57.529998779296875,56.279998779296875,57.27000045776367,789800,54.581295013427734
57.22999954223633,58.5,56.709999084472656,58.22999954223633,1595500,55.49623107910156
57.380001068115234,58.58000183105469,57.08000183105469,58.27000045776367,1443700,55.53435516357422
57.959999084472656,58.380001068115234,57.70000076293945,57.95000076293945,1505000,55.22937774658203
57.939998626708984,58.81999969482422,57.68000030517578,58.77000045776367,1590300,56.0108757019043
58.97999954223633,59.0,58.15999984741211,58.540000915527344,1302600,55.79167556762695
59.209999084472656,59.72999954223633,58.900001525878906,59.349998474121094,1664500,56.56364059448242
59.45000076293945,59.5099983215332,58.58000183105469,59.11000061035156,1272300,56.33491516113281
58.88999938964844,59.529998779296875,58.68000030517578,59.5099983215332,1031300,56.71613693237305
59.61000061035156,61.619998931884766,59.25,61.279998779296875,1906300,58.403038024902344
61.220001220703125,62.06999969482422,61.040000915527344,61.83000183105469,2476800,58.927215576171875
62.150001525878906,62.369998931884766,61.61000061035156,62.22999954223633,1281200,59.308441162109375
62.0,62.150001525878906,61.06999969482422,61.9900016784668,1251900,59.079708099365234
62.20000076293945,62.20000076293945,61.54999923706055,61.88999938964844,1437100,58.98440170288086
61.959999084472656,62.279998779296875,61.70000076293945,62.150001525878906,1107700,59.23219680786133
62.099998474121094,62.43000030517578,61.790000915527344,62.06999969482422,1552500,59.155948638916016
62.060001373291016,62.84000015258789,62.060001373291016,62.43000030517578,1304700,59.499046325683594
62.61000061035156,62.880001068115234,60.900001525878906,61.08000183105469,1382800,58.21242904663086
61.560001373291016,61.7400016784668,60.43000030517578,60.560001373291016,798600,57.71684265136719
60.650001525878906,61.41999816894531,60.45000076293945,61.400001525878906,3219500,58.51740264892578
61.16999816894531,61.91999816894531,61.119998931884766,61.779998779296875,1299100,58.87956237792969
61.59000015258789,61.75,60.91999816894531,61.63999938964844,1403900,58.74613571166992
59.369998931884766,61.349998474121094,58.310001373291016,59.79999923706055,2066900,56.992523193359375
59.70000076293945,61.189998626708984,59.650001525878906,60.91999816894531,1230900,58.0599365234375
60.939998626708984,61.900001525878906,60.93000030517578,61.43000030517578,1129900,58.545997619628906
61.09000015258789,61.2599983215332,60.2400016784668,60.77000045776367,1704900,57.9169807434082
60.599998474121094,61.47999954223633,60.34000015258789,60.91999816894531,1279600,58.0599365234375
61.150001525878906,61.65999984741211,60.84000015258789,61.0,1069100,58.13618469238281
60.970001220703125,61.09000015258789,60.150001525878906,60.470001220703125,1176400,57.631065368652344
60.220001220703125,60.599998474121094,60.08000183105469,60.209999084472656,1259500,57.383270263671875
59.970001220703125,60.13999938964844,59.56999969482422,59.66999816894531,1137600,56.868621826171875
59.70000076293945,60.0,59.08000183105469,59.27000045776367,1156700,56.48740005493164
59.189998626708984,59.91999816894531,58.529998779296875,58.560001373291016,959300,55.810733795166016
58.09000015258789,59.209999084472656,58.029998779296875,59.11000061035156,772100,56.33491516113281
59.2599983215332,59.279998779296875,58.099998474121094,58.560001373291016,919500,55.810733795166016
59.5099983215332,60.220001220703125,59.5,59.540000915527344,1330600,56.744728088378906
59.849998474121094,61.22999954223633,59.79999923706055,61.060001373291016,1190000,58.19336700439453
61.08000183105469,61.77000045776367,60.540000915527344,60.540000915527344,1019700,57.697776794433594
60.709999084472656,61.459999084472656,60.43000030517578,61.16999816894531,699800,58.29820251464844
61.25,62.15999984741211,61.25,62.04999923706055,1329400,59.13689041137695
62.04999923706055,62.709999084472656,61.630001068115234,62.630001068115234,915600,59.689659118652344
62.650001525878906,63.7400016784668,62.61000061035156,63.349998474121094,1013900,60.375850677490234
63.38999938964844,63.7400016784668,63.25,63.540000915527344,1444800,60.55693817138672
63.77000045776367,64.19999694824219,63.099998474121094,63.61000061035156,759400,60.623653411865234
63.52000045776367,63.61000061035156,62.970001220703125,63.279998779296875,1167700,60.309139251708984
63.2400016784668,64.11000061035156,63.029998779296875,64.0199966430664,1348100,61.01439666748047
64.05999755859375,64.37000274658203,63.400001525878906,63.650001525878906,1308400,60.661773681640625
63.650001525878906,63.88999938964844,62.66999816894531,62.68000030517578,1312600,59.7373161315918
62.869998931884766,63.11000061035156,62.13999938964844,63.0099983215332,1086900,60.051815032958984
62.779998779296875,63.189998626708984,62.599998474121094,63.150001525878906,1301900,60.185245513916016
63.09000015258789,63.439998626708984,62.75,63.060001373291016,1450100,60.09947204589844
62.900001525878906,64.05999755859375,62.599998474121094,63.81999969482422,1673800,61.457271575927734
63.40999984741211,63.63999938964844,62.58000183105469,62.849998474121094,4227800,60.52317810058594
62.880001068115234,63.16999816894531,62.560001373291016,63.06999969482422,1251100,60.73503875732422
63.09000015258789,63.209999084472656,62.52000045776367,63.04999923706055,1686700,60.71577835083008
63.40999984741211,64.4800033569336,62.869998931884766,63.45000076293945,2239800,61.10097122192383
62.93000030517578,62.9900016784668,61.470001220703125,61.709999084472656,1959400,59.425384521484375
61.79999923706055,62.63999938964844,61.779998779296875,61.88999938964844,1293300,59.598724365234375
61.599998474121094,61.939998626708984,61.31999969482422,61.38999938964844,1469700,59.11723709106445
61.119998931884766,61.290000915527344,59.810001373291016,59.880001068115234,1869400,57.66313552856445
60.060001373291016,60.560001373291016,58.970001220703125,58.9900016784668,1872000,56.80609130859375
59.08000183105469,60.04999923706055,58.939998626708984,59.869998931884766,1827400,57.65350341796875
60.66999816894531,60.959999084472656,59.36000061035156,59.45000076293945,1682000,57.24905776977539
59.29999923706055,59.650001525878906,58.130001068115234,58.66999816894531,2019000,56.497928619384766
58.290000915527344,58.790000915527344,57.029998779296875,57.22999954223633,1601100,55.11124038696289
57.470001220703125,57.720001220703125,56.75,57.689998626708984,1314300,55.5542106628418
57.68000030517578,57.97999954223633,57.15999984741211,57.29999923706055,1108000,55.17864990234375
57.029998779296875,58.5,56.5099983215332,58.08000183105469,1664900,55.92977523803711
57.72999954223633,59.29999923706055,57.619998931884766,59.290000915527344,1033900,57.0949821472168
59.29999923706055,60.16999816894531,59.0,59.68000030517578,1333900,57.47054672241211
60.130001068115234,60.88999938964844,59.65999984741211,60.83000183105469,1401000,58.57796859741211
60.79999923706055,60.90999984741211,59.59000015258789,60.5,1186700,58.260189056396484
60.81999969482422,60.81999969482422,59.54999923706055,60.29999923706055,923300,58.06758499145508
60.72999954223633,61.779998779296875,60.290000915527344,61.66999816894531,1278500,59.386863708496094
61.16999816894531,62.33000183105469,61.0,61.689998626708984,1221100,59.4061279296875
61.34000015258789,61.439998626708984,59.9900016784668,59.9900016784668,3345400,57.769065856933594
59.81999969482422,61.0,59.529998779296875,59.75,1526500,57.5379524230957
60.029998779296875,60.400001525878906,59.15999984741211,59.220001220703125,1640800,57.0275764465332
58.97999954223633,59.63999938964844,58.5099983215332,59.060001373291016,1354900,56.873497009277344
59.380001068115234,59.900001525878906,59.13999938964844,59.650001525878906,2047400,57.441654205322266
59.13999938964844,59.45000076293945,58.310001373291016,58.369998931884766,1061800,56.20903396606445
58.630001068115234,59.36000061035156,58.630001068115234,59.02000045776367,1695600,56.8349723815918
59.29999923706055,59.29999923706055,57.900001525878906,58.220001220703125,2172800,56.06459426879883
58.560001373291016,58.9900016784668,57.869998931884766,58.290000915527344,1580800,56.13200378417969
58.66999816894531,59.25,57.97999954223633,59.06999969482422,1984800,56.883121490478516
59.16999816894531,59.65999984741211,58.810001373291016,59.65999984741211,2320600,57.4512825012207
60.33000183105469,60.5,57.36000061035156,59.349998474121094,3734600,57.15275955200195
60.130001068115234,62.56999969482422,60.130001068115234,61.75,2323900,59.463905334472656
61.68000030517578,61.68000030517578,59.939998626708984,60.25,1924200,58.019439697265625
59.54999923706055,59.720001220703125,58.54999923706055,59.16999816894531,1928400,56.97942352294922
59.310001373291016,59.63999938964844,58.95000076293945,59.529998779296875,1885400,57.326087951660156
59.66999816894531,59.66999816894531,58.59000015258789,58.869998931884766,1222900,56.69053268432617
59.41999816894531,59.5099983215332,58.91999816894531,59.439998626708984,839200,57.23942565917969
59.029998779296875,59.290000915527344,58.54999923706055,59.099998474121094,1325500,56.912010192871094
60.33000183105469,62.61000061035156,59.83000183105469,61.880001068115234,1693500,59.58909606933594
61.90999984741211,62.630001068115234,61.88999938964844,62.189998626708984,2181700,59.88761520385742
62.2400016784668,62.43000030517578,61.59000015258789,62.029998779296875,1566000,59.73353958129883
62.63999938964844,62.72999954223633,62.0,62.22999954223633,1082100,59.9261360168457
62.0099983215332,63.36000061035156,61.79999923706055,63.220001220703125,1533500,60.879486083984375
63.0,63.18000030517578,62.560001373291016,63.04999923706055,1001700,60.71577835083008
63.66999816894531,63.709999084472656,63.08000183105469,63.290000915527344,727800,60.9468879699707
63.29999923706055,63.439998626708984,62.709999084472656,63.209999084472656,385400,60.869850158691406
63.09000015258789,63.90999984741211,62.58000183105469,63.599998474121094,1571200,61.24541473388672
63.310001373291016,63.75,63.0,63.720001220703125,960200,61.3609733581543
64.19999694824219,64.25,63.16999816894531,63.279998779296875,1428800,60.93726348876953
63.150001525878906,64.19000244140625,62.95000076293945,64.1500015258789,2052700,61.775054931640625
64.0199966430664,65.58000183105469,63.650001525878906,65.48999786376953,1520000,63.06543731689453
65.16000366210938,66.25,65.0,66.19999694824219,1766600,63.7491569519043
65.94000244140625,66.38999938964844,65.48999786376953,65.98999786376953,1979100,63.546932220458984
66.43000030517578,66.58999633789062,65.7699966430664,65.9800033569336,1194600,63.53730392456055
65.9800033569336,65.9800033569336,65.36000061035156,65.58999633789062,1084800,63.161739349365234
65.30000305175781,65.83999633789062,64.66000366210938,65.44999694824219,1067600,63.02692413330078
65.41000366210938,65.93000030517578,65.1500015258789,65.9000015258789,902000,63.460262298583984
65.9800033569336,66.72000122070312,65.75,66.44999694824219,1634300,63.989906311035156
66.6500015258789,68.2300033569336,66.11000061035156,67.83999633789062,1698000,65.32843780517578
68.55999755859375,68.87000274658203,67.77999877929688,68.44999694824219,2292200,66.55353546142578
67.62999725341797,68.2699966430664,67.12000274658203,67.91999816894531,3221900,66.03822326660156
68.05000305175781,68.56999969482422,67.7300033569336,68.31999969482422,1297700,66.42713928222656
68.54000091552734,68.9800033569336,68.45999908447266,68.7300033569336,994400,66.8257827758789
68.7300033569336,69.16000366210938,67.97000122070312,68.0199966430664,1295900,66.13544464111328
68.5,69.06999969482422,67.97000122070312,69.05000305175781,988300,67.13691711425781
69.25,69.61000061035156,68.91000366210938,69.37000274658203,775200,67.44805145263672
69.4000015258789,69.94000244140625,69.12999725341797,69.87000274658203,646600,67.93419647216797
69.80999755859375,70.33999633789062,69.66000366210938,70.23999786376953,840000,68.29393768310547
69.7300033569336,70.66000366210938,69.7300033569336,70.5999984741211,783200,68.64396667480469
70.36000061035156,70.5,69.87999725341797,69.9800033569336,960500,68.04115295410156
69.9000015258789,70.05999755859375,68.44000244140625,68.62999725341797,1618200,66.72854614257812
68.13999938964844,68.2699966430664,65.0199966430664,66.22000122070312,2568700,64.38532257080078
66.22000122070312,67.62999725341797,66.22000122070312,66.55999755859375,1826200,64.71589660644531
66.16000366210938,67.54000091552734,65.9000015258789,66.75,1798700,64.900634765625
66.75,68.05999755859375,66.66999816894531,68.05000305175781,948900,66.16461944580078
67.47000122070312,67.79000091552734,66.95999908447266,67.13999938964844,935400,65.27983856201172
67.19000244140625,67.44999694824219,66.80000305175781,67.18000030517578,821600,65.3187255859375
66.83000183105469,66.93000030517578,65.66999816894531,66.25,1146700,64.41448974609375
66.81999969482422,67.52999877929688,66.22000122070312,67.2300033569336,1384400,65.36734771728516
66.5,66.80999755859375,65.91999816894531,66.36000061035156,1294000,64.52144622802734
65.48999786376953,66.37000274658203,64.68000030517578,65.33999633789062,1253900,63.529693603515625
65.36000061035156,66.13999938964844,65.01000213623047,65.94000244140625,1464800,64.11307525634766
66.1500015258789,67.02999877929688,65.4000015258789,66.87000274658203,1355500,65.0173110961914
67.1500015258789,67.83999633789062,66.7699966430664,67.11000061035156,1096000,65.25066375732422
67.45999908447266,68.37000274658203,67.36000061035156,67.88999938964844,1563200,66.00904846191406
68.55000305175781,68.68000030517578,66.9000015258789,67.01000213623047,1215900,65.15343475341797
67.76000213623047,68.4800033569336,67.69000244140625,68.43000030517578,1277400,66.53408813476562
68.6500015258789,68.6500015258789,67.4000015258789,67.55999755859375,1289500,65.68819427490234
67.5,67.83999633789062,67.13999938964844,67.72000122070312,795100,65.84375762939453
67.52999877929688,68.66999816894531,67.38999938964844,68.26000213623047,1025400,66.36881256103516
68.48999786376953,68.80000305175781,67.19000244140625,67.5199966430664,2559000,65.64929962158203
67.43000030517578,69.29000091552734,67.12999725341797,69.27999877929688,1409600,67.36054229736328
68.63999938964844,69.52999877929688,67.4000015258789,69.12000274658203,1562100,67.2049789428711
68.23999786376953,68.80999755859375,67.62999725341797,68.44999694824219,1443000,66.55353546142578
68.41999816894531,69.37000274658203,68.05999755859375,68.95999908447266,950000,67.04940795898438
69.23999786376953,69.2699966430664,67.66000366210938,67.81999969482422,1741500,65.94099426269531
67.73999786376953,68.62000274658203,67.5999984741211,68.55999755859375,821000,66.66048431396484
68.62999725341797,68.94000244140625,68.18000030517578,68.62999725341797,741700,66.72854614257812
68.66000366210938,69.2300033569336,68.45999908447266,68.83000183105469,996000,66.92301177978516
67.4800033569336,67.4800033569336,66.19999694824219,67.0199966430664,1348100,65.16315460205078
67.31999969482422,67.8499984741211,66.86000061035156,67.55000305175781,893900,65.67847442626953
68.19999694824219,69.2699966430664,68.1500015258789,69.13999938964844,1219700,67.22441864013672
68.36000061035156,68.76000213623047,67.7699966430664,67.9800033569336,1067500,66.0965576171875
67.48999786376953,68.47000122070312,67.08999633789062,68.41999816894531,1602700,66.52437591552734
68.5999984741211,68.73999786376953,67.88999938964844,68.52999877929688,1499700,66.63131713867188
70.0199966430664,73.0,70.0,72.0999984741211,3319000,70.10240936279297
72.94000244140625,75.33000183105469,72.30999755859375,75.02999877929688,2366100,72.95122528076172
74.93000030517578,75.72000122070312,74.5999984741211,75.37000274658203,1758900,73.28181457519531
75.68000030517578,75.94999694824219,73.97000122070312,74.0,1473200,71.94976806640625
73.61000061035156,75.7699966430664,73.44999694824219,75.36000061035156,1403100,73.27208709716797
76.8499984741211,79.69999694824219,76.76000213623047,78.63999938964844,4519500,76.46121978759766
78.16000366210938,81.18000030517578,77.7699966430664,81.02999877929688,2721400,78.78498840332031
78.94999694824219,80.44999694824219,78.0,78.93000030517578,3094700,76.74317169189453
78.69999694824219,79.69000244140625,78.37000274658203,78.56999969482422,1524400,76.39315032958984
79.5199966430664,80.87000274658203,79.12000274658203,80.44000244140625,1361000,78.21134185791016
80.55999755859375,81.05999755859375,79.66000366210938,81.0199966430664,1206100,78.7752685546875
81.63999938964844,82.19000244140625,81.02999877929688,81.37000274658203,1492500,79.1155776977539
81.04000091552734,81.70999908447266,80.16000366210938,80.69000244140625,1437900,78.45441436767578
80.62000274658203,81.11000061035156,80.08000183105469,80.87000274658203,1053600,78.62942504882812
80.76000213623047,80.80000305175781,79.62000274658203,80.0999984741211,1590300,77.88075256347656
78.9800033569336,79.13999938964844,77.06999969482422,78.05000305175781,1665200,76.5084228515625
77.55000305175781,79.2300033569336,77.55000305175781,78.61000061035156,3032300,77.05735778808594
78.91000366210938,79.81999969482422,78.5,79.68000030517578,1185000,78.10621643066406
79.77999877929688,79.98999786376953,78.87000274658203,79.93000030517578,1241000,78.35128784179688
79.63999938964844,80.29000091552734,79.2300033569336,80.16999816894531,1110900,78.5865478515625
80.62999725341797,81.44000244140625,80.45999908447266,80.93000030517578,1338100,79.33153533935547
80.80000305175781,80.8499984741211,79.22000122070312,79.45999908447266,1225400,77.89056396484375
79.5999984741211,79.80999755859375,78.16000366210938,78.16999816894531,1175200,76.62604522705078
78.18000030517578,78.6500015258789,77.8499984741211,77.94999694824219,1250400,76.41038513183594
78.7699966430664,80.16999816894531,78.63999938964844,80.13999938964844,1203100,78.55713653564453
80.25,80.79000091552734,79.97000122070312,80.20999908447266,1345300,78.62574768066406
80.20999908447266,80.37999725341797,79.05999755859375,79.54000091552734,939200,77.96898651123047
78.86000061035156,78.93000030517578,78.0,78.75,1356100,77.19458770751953
78.5,79.55000305175781,78.29000091552734,79.20999908447266,950300,77.6455078125
80.0,80.37999725341797,78.37999725341797,78.69999694824219,800700,77.14557647705078
78.4800033569336,79.1500015258789,78.25,78.63999938964844,916300,77.0867691040039
78.75,79.12000274658203,78.37000274658203,78.73999786376953,776800,77.18478393554688
79.1500015258789,79.30999755859375,78.33000183105469,79.19999694824219,938000,77.63570404052734
77.5,77.88999938964844,75.45999908447266,75.69000244140625,1901500,74.19503021240234
76.5999984741211,77.33000183105469,75.75,76.61000061035156,994600,75.09686279296875
75.94999694824219,76.55000305175781,75.4000015258789,76.0199966430664,1047500,74.51850891113281
76.68000030517578,76.69000244140625,74.26000213623047,74.83999633789062,1191000,73.36181640625
74.69000244140625,75.36000061035156,73.52999877929688,74.70999908447266,1124600,73.23439025878906
74.98999786376953,75.47000122070312,74.19000244140625,75.1500015258789,1244500,73.66569519042969
75.47000122070312,75.62999725341797,74.41000366210938,74.41999816894531,869000,72.95010375976562
74.75,75.26000213623047,74.48999786376953,75.0999984741211,1093200,73.61668395996094
75.3499984741211,75.97000122070312,74.75,75.8499984741211,926200,74.35186767578125
76.18000030517578,76.94000244140625,75.77999877929688,76.5999984741211,774700,75.08705139160156
76.2699966430664,78.45999908447266,76.12000274658203,78.19000244140625,1095400,76.64564514160156
77.54000091552734,77.87999725341797,76.37000274658203,77.26000213623047,1125000,75.73401641845703
77.44000244140625,78.12999725341797,77.2699966430664,77.5199966430664,817600,75.98888397216797
78.0,78.26000213623047,77.2300033569336,77.97000122070312,866600,76.42999267578125
77.58999633789062,78.08000183105469,77.22000122070312,77.5199966430664,1732000,75.98888397216797
77.66000366210938,79.37999725341797,77.37000274658203,78.0999984741211,2507900,76.55742645263672
78.8499984741211,78.93000030517578,75.87000274658203,77.0,2872200,75.47915649414062
77.80000305175781,78.1500015258789,74.80000305175781,75.31999969482422,1977000,73.83233642578125
76.12000274658203,76.9000015258789,75.55000305175781,76.80000305175781,1137500,75.28311157226562
77.38999938964844,77.80999755859375,76.69000244140625,77.5999984741211,999200,76.06729888916016
77.08999633789062,78.26000213623047,76.41000366210938,78.04000091552734,912600,76.49861145019531
78.37000274658203,79.61000061035156,77.94000244140625,79.58999633789062,1270800,78.01799774169922
79.69999694824219,80.16999816894531,79.4800033569336,79.7699966430664,1033700,78.19444274902344
80.27999877929688,80.30000305175781,78.3499984741211,78.38999938964844,970100,76.84170532226562
78.55999755859375,80.76000213623047,78.55999755859375,80.52999877929688,1569500,78.9394302368164
81.54000091552734,82.48999786376953,81.27999877929688,82.33999633789062,1067700,80.71368408203125
82.22000122070312,83.0,82.0,82.0,1510700,80.38040161132812
82.4800033569336,82.4800033569336,81.27999877929688,81.79000091552734,1735900,80.17455291748047
81.91000366210938,82.33999633789062,81.54000091552734,82.0999984741211,803600,80.47842407226562
81.80999755859375,82.94000244140625,81.37999725341797,82.8499984741211,978000,81.21360778808594
82.69000244140625,82.69000244140625,80.4000015258789,80.95999908447266,1243200,79.3609390258789
81.1500015258789,81.1500015258789,79.13999938964844,79.27999877929688,1280700,77.71411895751953
79.56999969482422,80.41999816894531,79.31999969482422,80.2300033569336,651300,78.6453628540039
80.95999908447266,81.08000183105469,79.41999816894531,79.5,996700,77.92977142333984
78.66999816894531,78.93000030517578,78.05999755859375,78.37999725341797,1035100,76.8318862915039
78.76000213623047,80.29000091552734,78.56999969482422,79.63999938964844,1057800,78.06700897216797
80.01000213623047,80.81999969482422,79.37000274658203,80.69000244140625,2343900,79.09627532958984
81.02999877929688,81.25,79.1500015258789,80.7300033569336,1194600,79.13549041748047
80.37999725341797,81.25,80.26000213623047,81.1500015258789,1039300,79.54718780517578
81.33000183105469,82.4800033569336,80.70999908447266,82.33999633789062,1447300,80.71368408203125
82.83000183105469,84.94999694824219,82.36000061035156,84.83999633789062,2204100,83.164306640625
83.73999786376953,85.62999725341797,83.58000183105469,85.47000122070312,1804900,83.7818603515625
85.04000091552734,87.33000183105469,84.77999877929688,87.0999984741211,2130100,85.37966918945312
86.86000061035156,87.73999786376953,86.23999786376953,87.33000183105469,1638500,85.6051254272461
89.13999938964844,89.91000366210938,87.22000122070312,87.30000305175781,2657300,85.57571411132812
87.41000366210938,88.5,86.87000274658203,87.7699966430664,1719000,86.03643035888672
87.4000015258789,88.38999938964844,87.0199966430664,88.0199966430664,1172300,86.28150177001953
86.83000183105469,88.70999908447266,86.77999877929688,88.2699966430664,1513700,87.17027282714844
88.30999755859375,89.08000183105469,87.83000183105469,88.69999694824219,2478700,87.59491729736328
88.3499984741211,89.69999694824219,88.16000366210938,88.83000183105469,2314700,87.72330474853516
88.83999633789062,89.01000213623047,87.05999755859375,88.86000061035156,18459200,87.7529296875
88.25,89.6500015258789,87.93000030517578,89.08999633789062,2064200,87.98006439208984
89.0,89.01000213623047,88.02999877929688,88.54000091552734,1798700,87.43692016601562
88.05000305175781,88.81999969482422,87.95999908447266,88.44999694824219,1251600,87.34803771972656
89.13999938964844,89.62000274658203,88.43000030517578,89.20999908447266,1265500,88.09857177734375
89.5,90.4000015258789,89.0999984741211,89.62000274658203,3284000,88.50346374511719
89.30000305175781,90.0999984741211,88.56999969482422,89.69000244140625,1310600,88.57258605957031
89.91999816894531,91.05999755859375,89.56999969482422,90.8499984741211,1545500,89.7181396484375
91.0,92.7300033569336,90.66000366210938,91.77999877929688,1362500,90.63655090332031
92.16999816894531,92.58000183105469,91.37000274658203,91.5999984741211,1191500,90.45879364013672
91.58999633789062,92.95999908447266,91.1500015258789,92.87000274658203,1418600,91.71297454833984
92.87999725341797,93.81999969482422,92.72000122070312,93.12999725341797,2122000,91.9697265625
93.66000366210938,95.23999786376953,92.83000183105469,95.1500015258789,1362800,93.96456909179688
96.0999984741211,97.5,94.25,94.5199966430664,2976700,93.34241485595703
94.75,97.12999725341797,94.5199966430664,95.88999938964844,1709100,94.69535064697266
96.0,97.87999725341797,95.8499984741211,97.83000183105469,1096800,96.6111831665039
98.8499984741211,100.3499984741211,97.75,99.9800033569336,2312800,98.73439025878906
99.31999969482422,100.77999877929688,99.06999969482422,99.22000122070312,1824300,97.9838638305664
98.80999755859375,100.41999816894531,97.4000015258789,97.83999633789062,1523500,96.62104797363281
98.19000244140625,98.75,97.45999908447266,98.27999877929688,1082600,97.0555648803711
98.27999877929688,100.22000122070312,98.16999816894531,100.12999725341797,1116900,98.88251495361328
100.05999755859375,101.37999725341797,99.81999969482422,100.94000244140625,1053600,99.68243408203125
100.55999755859375,100.80999755859375,96.77999877929688,96.9000015258789,1798300,95.69276428222656
97.33999633789062,97.80999755859375,95.94999694824219,96.9000015258789,2755700,95.69276428222656
97.55000305175781,99.18000030517578,97.13999938964844,98.5,1193200,97.2728271484375
98.79000091552734,99.8499984741211,97.9000015258789,99.4800033569336,1232100,98.2406234741211
99.86000061035156,101.83999633789062,99.6500015258789,101.29000091552734,1731500,100.028076171875
102.0,103.41000366210938,100.66999816894531,102.55999755859375,5561400,101.2822494506836
105.0,110.4800033569336,104.80999755859375,109.54000091552734,5009300,108.17529296875
109.54000091552734,112.79000091552734,105.93000030517578,106.69000244140625,3465600,105.36079406738281
102.63999938964844,106.30999755859375,101.19000244140625,104.33000183105469,3569900,103.03019714355469
104.95999908447266,108.47000122070312,104.05000305175781,106.44999694824219,2122200,105.12378692626953
107.3499984741211,109.7300033569336,105.41999816894531,105.55999755859375,1934200,104.24486541748047
106.06999969482422,107.5199966430664,104.56999969482422,107.37000274658203,1365500,106.0323257446289
107.58000183105469,108.95999908447266,106.80999755859375,108.44000244140625,1212400,107.0889892578125
108.19999694824219,108.72000122070312,106.61000061035156,108.66999816894531,1201600,107.31612396240234
109.51000213623047,109.7300033569336,107.7699966430664,107.88999938964844,1468300,106.54584503173828
108.0199966430664,109.1500015258789,107.7699966430664,108.69000244140625,1074200,107.33587646484375
108.62000274658203,109.37000274658203,107.93000030517578,108.58000183105469,1278300,107.22724914550781
108.56999969482422,109.13999938964844,107.30999755859375,108.30000305175781,1996300,106.95074462890625
108.41000366210938,110.02999877929688,108.0999984741211,109.63999938964844,1326300,108.27404022216797
109.75,109.83999633789062,109.05999755859375,109.5199966430664,1123400,108.15553283691406
109.66000366210938,112.4000015258789,109.33000183105469,112.0999984741211,1726900,110.7033920288086
112.13999938964844,112.93000030517578,111.51000213623047,112.77999877929688,1529400,111.37492370605469
112.83999633789062,114.13999938964844,112.27999877929688,113.3499984741211,1114800,111.93782043457031
113.98999786376953,114.79000091552734,113.06999969482422,113.4000015258789,1311300,111.9872055053711
112.69999694824219,114.93000030517578,112.44999694824219,114.83999633789062,1174300,113.40925598144531
113.9800033569336,114.69999694824219,111.62999725341797,112.30000305175781,1429600,110.9009017944336
112.30000305175781,113.4000015258789,111.20999908447266,111.98999786376953,1064300,110.59475708007812
112.45999908447266,113.48999786376953,111.0199966430664,113.26000213623047,2391200,111.84894561767578
112.86000061035156,114.19999694824219,112.2699966430664,112.83000183105469,1365800,111.42430114746094
113.01000213623047,113.37000274658203,111.80000305175781,112.87000274658203,1378200,111.46380615234375
113.12999725341797,113.19999694824219,107.94000244140625,109.08000183105469,1713100,107.72101593017578
109.05999755859375,109.6500015258789,107.58999633789062,109.4800033569336,1471000,108.11604309082031
109.7699966430664,111.20999908447266,109.62999725341797,110.38999938964844,945700,109.01469421386719
110.87999725341797,114.22000122070312,110.56999969482422,114.16000366210938,1758700,112.73773193359375
112.95999908447266,114.66999816894531,111.13999938964844,114.37999725341797,1317600,112.95498657226562
114.73999786376953,116.41000366210938,114.55000305175781,116.36000061035156,1520100,114.91032409667969
117.0199966430664,117.83000183105469,116.54000091552734,117.05999755859375,1259500,115.60159301757812
117.0,118.47000122070312,116.30999755859375,118.19000244140625,1255600,117.434814453125
117.0,117.70999908447266,114.6500015258789,115.91999816894531,1372500,115.17931365966797
115.8499984741211,118.16999816894531,115.37999725341797,116.44999694824219,1306400,115.70592498779297
117.98999786376953,117.98999786376953,112.36000061035156,114.12999725341797,1901100,113.40074920654297
112.83999633789062,115.56999969482422,112.27999877929688,115.36000061035156,4240800,114.62289428710938
118.0,118.73999786376953,116.5,118.44000244140625,1621700,117.68321228027344
117.69000244140625,119.81999969482422,117.0,119.16999816894531,1399500,118.4085464477539
119.56999969482422,120.54000091552734,118.87999725341797,119.31999969482422,1177700,118.5575942993164
119.31999969482422,119.5,116.70999908447266,117.30999755859375,1171600,116.56043243408203
117.29000091552734,117.5999984741211,116.01000213623047,116.7300033569336,1403400,115.98414611816406
116.44000244140625,118.94000244140625,116.0999984741211,118.83000183105469,2146200,118.07072448730469
119.0,119.13999938964844,117.41999816894531,118.23999786376953,1527900,117.48448944091797
117.20999908447266,119.55999755859375,116.6500015258789,119.4000015258789,1039500,118.63707733154297
119.22000122070312,119.4000015258789,117.41000366210938,118.43000030517578,948200,117.67327880859375
118.0,118.80999755859375,117.08000183105469,118.27999877929688,879200,117.52423858642578
117.36000061035156,117.56999969482422,116.16000366210938,116.7699966430664,999700,116.02388000488281
117.68000030517578,119.30000305175781,116.88999938964844,118.83999633789062,990800,118.08065795898438
119.25,120.69999694824219,118.83000183105469,120.48999786376953,1016600,119.7201156616211
120.0,120.58999633789062,118.37999725341797,119.0199966430664,1557900,118.25950622558594
119.58999633789062,120.66999816894531,119.27999877929688,120.33999633789062,718800,119.5710678100586
120.2699966430664,121.31999969482422,119.81999969482422,121.19999694824219,812500,120.42557525634766
122.2300033569336,123.55000305175781,121.54000091552734,122.0,1144400,121.22046661376953
122.33000183105469,124.12000274658203,121.91999816894531,123.41999816894531,1231400,122.63139343261719
123.54000091552734,124.79000091552734,123.25,124.45999908447266,1020100,123.66474914550781
124.86000061035156,125.80999755859375,123.69000244140625,125.76000213623047,1025200,124.9564437866211
124.98999786376953,125.63999938964844,122.98999786376953,123.41000366210938,1616500,122.6214599609375
122.98999786376953,124.75,122.5,123.87000274658203,1122600,123.07852172851562
123.33999633789062,126.55000305175781,123.25,125.54000091552734,1498000,124.73784637451172
125.88999938964844,127.05000305175781,125.13999938964844,125.97000122070312,1083000,125.16510009765625
126.80000305175781,130.24000549316406,126.7699966430664,127.69999694824219,2016000,126.88404083251953
128.9199981689453,129.6699981689453,127.80999755859375,128.13999938964844,1479300,127.32123565673828
127.66999816894531,128.72999572753906,126.91999816894531,127.5999984741211,928200,126.78468322753906
127.69000244140625,129.13999938964844,126.91000366210938,127.63999938964844,1106500,126.82443237304688
126.88999938964844,127.30000305175781,123.62999725341797,123.7300033569336,2055100,122.93941497802734
124.87999725341797,125.25,120.98999786376953,121.16000366210938,1847500,120.38583374023438
121.44999694824219,122.87000274658203,121.20999908447266,122.3499984741211,1481000,121.56822967529297
122.44000244140625,125.87999725341797,122.44000244140625,125.7300033569336,1669500,124.9266357421875
121.77999877929688,124.44000244140625,112.11000061035156,114.44000244140625,4448300,113.70877075195312
113.83999633789062,117.08000183105469,112.7300033569336,116.91999816894531,2278500,116.17292785644531
117.48999786376953,120.68000030517578,117.44000244140625,119.70999908447266,1260900,118.94509887695312
118.97000122070312,119.98999786376953,117.41000366210938,117.44000244140625,1394500,116.68960571289062
117.0999984741211,117.62999725341797,114.04000091552734,114.5,1735300,113.76838684082031
115.5199966430664,116.91999816894531,114.94000244140625,115.9800033569336,1181900,115.23893737792969
116.13999938964844,116.25,112.93000030517578,113.12000274658203,1357100,112.39720916748047
112.68000030517578,115.45999908447266,112.30000305175781,114.87999725341797,1485900,114.14595794677734
113.62000274658203,115.6500015258789,113.41000366210938,115.5,1440300,114.76200103759766
114.93000030517578,116.7300033569336,114.62999725341797,116.51000213623047,1028600,115.76554870605469
115.5999984741211,116.5199966430664,114.87999725341797,116.30000305175781,691900,115.55689239501953
116.30999755859375,119.51000213623047,116.08999633789062,118.7300033569336,1475800,117.97136688232422
119.23999786376953,119.70999908447266,118.27999877929688,119.0999984741211,692300,118.33899688720703
119.8499984741211,121.20999908447266,119.37000274658203,120.77999877929688,2292500,120.00826263427734
120.80999755859375,123.66999816894531,120.58000183105469,123.61000061035156,1018800,122.82018280029297
124.72000122070312,125.37999725341797,123.62000274658203,124.23999786376953,831000,123.44615173339844
124.38999938964844,124.9800033569336,123.43000030517578,123.66999816894531,858200,122.87979125976562
123.0,123.04000091552734,121.16000366210938,121.58999633789062,1908300,120.81307983398438
122.0,122.87999725341797,120.11000061035156,120.16000366210938,2275200,119.39222717285156
121.06999969482422,121.2300033569336,118.20999908447266,118.86000061035156,1420900,118.10053253173828
118.12999725341797,118.83000183105469,117.37999725341797,118.37000274658203,1414200,117.61366271972656
118.79000091552734,120.45999908447266,118.19000244140625,120.16000366210938,1131800,119.39222717285156
120.13999938964844,121.0,114.16000366210938,114.33999633789062,2007200,113.60940551757812
114.11000061035156,114.87999725341797,111.86000061035156,112.0199966430664,2486700,111.30422973632812
112.98999786376953,113.91999816894531,111.30000305175781,113.08999633789062,1512800,112.36739349365234
113.0,114.80000305175781,112.54000091552734,112.91999816894531,1201200,112.198486328125
112.63999938964844,113.56999969482422,111.56999969482422,111.9000015258789,957600,111.18500518798828
111.55999755859375,112.98999786376953,110.69000244140625,111.29000091552734,1316400,111.29000091552734
110.69999694824219,110.9800033569336,109.66000366210938,110.08999633789062,1386100,110.08999633789062
109.83999633789062,110.6500015258789,103.12999725341797,103.20999908447266,2920600,103.20999908447266
103.7300033569336,105.44000244140625,101.33999633789062,101.62000274658203,3251900,101.62000274658203
102.61000061035156,106.9800033569336,102.51000213623047,105.0999984741211,5696100,105.0999984741211
104.48999786376953,105.33999633789062,102.23999786376953,105.22000122070312,2095900,105.22000122070312
104.88999938964844,105.58000183105469,104.11000061035156,105.58000183105469,767700,105.58000183105469
105.1500015258789,105.9800033569336,104.16999816894531,105.7300033569336,879900,105.7300033569336
104.62000274658203,105.70999908447266,104.02999877929688,104.72000122070312,954200,104.72000122070312
104.05000305175781,104.5,101.83999633789062,103.69000244140625,1920600,103.69000244140625
104.19999694824219,105.19000244140625,103.37999725341797,105.11000061035156,1635300,105.11000061035156
